{"Csv_16": {"adeq": 0.435, "bitflip": 0.396}, "Chart_1": {"adeq": 2.471, "bitflip": 2.365}, "Lang_1": {"adeq": 0.16299999999999998, "bitflip": 0.339}, "Time_1": {"adeq": 1.634, "bitflip": 1.5530000000000002}, "JxPath_22": {"adeq": 1.1400000000000001, "bitflip": 2.0850000000000004}, "JacksonCore_26": {"adeq": 1.805, "bitflip": 1.977}, "Cli_40": {"adeq": 0.004, "bitflip": 0.0}}