{"JacksonCore_26": {"adeq": 2.367, "bigflip": 2.0460000000000003}, "Chart_1": {"adeq": 2.4610000000000003, "bigflip": 2.26}, "Lang_1": {"adeq": 0.098, "bigflip": 0.081}, "Csv_16": {"adeq": 0.05700000000000001, "bigflip": 0.276}, "Time_1": {"adeq": 1.473, "bigflip": 1.602}, "Cli_40": {"adeq": 0.0, "bigflip": 0.0}, "JxPath_22": {"adeq": 1.9080000000000004, "bigflip": 1.6800000000000002}}