{"JacksonCore_26": {"adeq": 2.329, "bigflip": 2.5080000000000005}, "Chart_1": {"adeq": 2.474, "bigflip": 2.657}, "Lang_1": {"adeq": 0.093, "bigflip": 0.095}, "Csv_16": {"adeq": 0.17, "bigflip": 0.35800000000000004}, "Time_1": {"adeq": 1.562, "bigflip": 1.96}, "Cli_40": {"adeq": 0.0, "bigflip": 0.0}, "JxPath_22": {"adeq": 1.7610000000000001, "bigflip": 0.9910000000000001}}