{"Csv_16": {"adeq": 0.105, "bigflip": 0.26}, "Chart_1": {"adeq": 3.258, "bigflip": 2.7960000000000003}, "Lang_1": {"adeq": 0.087, "bigflip": 0.1}, "Time_1": {"adeq": 1.5210000000000001, "bigflip": 1.6280000000000001}, "JxPath_22": {"adeq": 1.0830000000000002, "bigflip": 1.7520000000000002}, "JacksonCore_26": {"adeq": 2.129, "bigflip": 2.023}, "Cli_40": {"adeq": 0.003, "bigflip": 0.002}}