{"JacksonCore_26": {"adeq": 1.862, "bigflip": 1.3290000000000002}, "Chart_1": {"adeq": 2.1830000000000003, "bigflip": 2.189}, "Lang_1": {"adeq": 0.128, "bigflip": 0.1}, "Csv_16": {"adeq": 0.55, "bigflip": 0.134}, "Time_1": {"adeq": 1.9420000000000002, "bigflip": 1.8960000000000001}, "Cli_40": {"adeq": 0.0, "bigflip": 0.001}, "JxPath_22": {"adeq": 1.0070000000000001, "bigflip": 2.2030000000000003}}