{"Csv_16": {"adeq": 0.277, "bitflip": 0.079}, "Chart_1": {"adeq": 2.1109999999999998, "bitflip": 1.9250000000000003}, "Lang_1": {"adeq": 0.159, "bitflip": 0.113}, "Time_1": {"adeq": 2.1790000000000003, "bitflip": 1.576}, "JxPath_22": {"adeq": 1.35, "bitflip": 1.3970000000000002}, "JacksonCore_26": {"adeq": 2.4459999999999997, "bitflip": 1.746}, "Cli_40": {"adeq": 0.0, "bitflip": 0.001}}