{"JacksonCore_26": {"adeq": 2.2110000000000003, "bigflip": 2.1790000000000003}, "Chart_1": {"adeq": 2.3480000000000003, "bigflip": 2.2030000000000003}, "Lang_1": {"adeq": 0.11200000000000002, "bigflip": 0.111}, "Csv_16": {"adeq": 0.438, "bigflip": 0.18}, "Time_1": {"adeq": 2.088, "bigflip": 1.6110000000000002}, "Cli_40": {"adeq": 0.0, "bigflip": 0.0}, "JxPath_22": {"adeq": 0.9460000000000001, "bigflip": 1.52}}