{"Csv_16": {"adeq": 0.545, "bitflip": 0.494}, "Chart_1": {"adeq": 2.536, "bitflip": 2.568}, "Lang_1": {"adeq": 0.249, "bitflip": 0.11000000000000001}, "Time_1": {"adeq": 2.422, "bitflip": 1.4089999999999998}, "JxPath_22": {"adeq": 0.853, "bitflip": 1.0310000000000001}, "JacksonCore_26": {"adeq": 1.749, "bitflip": 1.7690000000000001}, "Cli_40": {"adeq": 0.0, "bitflip": 0.0}}