{"Csv_16": {"adeq": 0.118, "bitflip": 0.545}, "Chart_1": {"adeq": 2.176, "bitflip": 2.3280000000000003}, "Lang_1": {"adeq": 0.14600000000000002, "bitflip": 0.117}, "Time_1": {"adeq": 1.7440000000000002, "bitflip": 1.3190000000000002}, "JxPath_22": {"adeq": 1.1020000000000003, "bitflip": 1.96}, "JacksonCore_26": {"adeq": 1.863, "bitflip": 2.003}, "Cli_40": {"adeq": 0.001, "bitflip": 0.001}}