{"Csv_16": {"adeq": 0.6040000000000001, "bitflip": 0.188}, "Chart_1": {"adeq": 2.2030000000000003, "bitflip": 2.777}, "Lang_1": {"adeq": 0.163, "bitflip": 0.132}, "Time_1": {"adeq": 1.484, "bitflip": 1.5859999999999999}, "JxPath_22": {"adeq": 1.4240000000000002, "bitflip": 1.6700000000000002}, "JacksonCore_26": {"adeq": 1.6560000000000001, "bitflip": 2.4990000000000006}, "Cli_40": {"adeq": 0.002, "bitflip": 0.001}}