{"JacksonCore_26": {"adeq": 1.958, "bigflip": 1.7580000000000002}, "Chart_1": {"adeq": 2.182, "bigflip": 2.3240000000000003}, "Lang_1": {"adeq": 0.12000000000000001, "bigflip": 0.083}, "Csv_16": {"adeq": 0.08600000000000002, "bigflip": 0.195}, "Time_1": {"adeq": 1.4329999999999998, "bigflip": 1.678}, "Cli_40": {"adeq": 0.001, "bigflip": 0.001}, "JxPath_22": {"adeq": 1.1090000000000002, "bigflip": 0.9120000000000001}}