{"JacksonCore_26": {"adeq": 1.674, "bigflip": 3.43}, "Chart_1": {"adeq": 2.12, "bigflip": 2.0280000000000005}, "Lang_1": {"adeq": 0.093, "bigflip": 0.127}, "Csv_16": {"adeq": 0.548, "bigflip": 0.189}, "Time_1": {"adeq": 1.699, "bigflip": 1.9440000000000004}, "Cli_40": {"adeq": 0.002, "bigflip": 0.008}, "JxPath_22": {"adeq": 2.7510000000000003, "bigflip": 1.181}}