{"Csv_16": {"adeq": 0.2, "bigflip": 0.048}, "Chart_1": {"adeq": 2.6980000000000004, "bigflip": 2.484}, "Lang_1": {"adeq": 0.153, "bigflip": 0.133}, "Time_1": {"adeq": 1.617, "bigflip": 1.72}, "JxPath_22": {"adeq": 0.9910000000000002, "bigflip": 1.3600000000000003}, "JacksonCore_26": {"adeq": 2.942, "bigflip": 2.3049999999999997}, "Cli_40": {"adeq": 0.004, "bigflip": 0.006}}