{"JacksonCore_26": {"adeq": 2.535, "bigflip": 1.867}, "Chart_1": {"adeq": 3.355, "bigflip": 2.947}, "Lang_1": {"adeq": 0.136, "bigflip": 0.07400000000000001}, "Csv_16": {"adeq": 0.128, "bigflip": 0.42700000000000005}, "Time_1": {"adeq": 1.6900000000000002, "bigflip": 1.6760000000000002}, "Cli_40": {"adeq": 0.0, "bigflip": 0.0}, "JxPath_22": {"adeq": 0.9830000000000001, "bigflip": 1.689}}