{"Csv_16": {"adeq": 0.10300000000000001, "bitflip": 0.446}, "Chart_1": {"adeq": 2.2590000000000003, "bitflip": 2.3609999999999998}, "Lang_1": {"adeq": 0.09, "bitflip": 0.1}, "Time_1": {"adeq": 1.6150000000000002, "bitflip": 1.6270000000000002}, "JxPath_22": {"adeq": 2.066, "bitflip": 0.9410000000000001}, "JacksonCore_26": {"adeq": 2.029, "bitflip": 2.483}, "Cli_40": {"adeq": 0.0, "bitflip": 0.001}}