{"Csv_16": {"adeq": 1.053, "bitflip": 0.396}, "Chart_1": {"adeq": 2.301, "bitflip": 2.365}, "Lang_1": {"adeq": 0.113, "bitflip": 0.339}, "Time_1": {"adeq": 1.955, "bitflip": 1.5530000000000002}, "JxPath_22": {"adeq": 1.5260000000000002, "bitflip": 2.0850000000000004}, "JacksonCore_26": {"adeq": 1.5599999999999998, "bitflip": 1.977}, "Cli_40": {"adeq": 0.0, "bitflip": 0.0}}