{"Csv_16": {"adeq": 0.186, "bitflip": 0.545}, "Chart_1": {"adeq": 2.271, "bitflip": 2.3280000000000003}, "Lang_1": {"adeq": 0.113, "bitflip": 0.117}, "Time_1": {"adeq": 1.4689999999999999, "bitflip": 1.3190000000000002}, "JxPath_22": {"adeq": 0.859, "bitflip": 1.96}, "JacksonCore_26": {"adeq": 1.967, "bitflip": 2.003}, "Cli_40": {"adeq": 0.0, "bitflip": 0.001}}