{"Csv_16": {"adeq": 0.04700000000000001, "bitflip": 0.494}, "Chart_1": {"adeq": 2.244, "bitflip": 2.568}, "Lang_1": {"adeq": 0.113, "bitflip": 0.11000000000000001}, "Time_1": {"adeq": 1.514, "bitflip": 1.4089999999999998}, "JxPath_22": {"adeq": 1.069, "bitflip": 1.0310000000000001}, "JacksonCore_26": {"adeq": 1.3850000000000002, "bitflip": 1.7690000000000001}, "Cli_40": {"adeq": 0.001, "bitflip": 0.0}}