{"Csv_16": {"adeq": 0.36300000000000004, "bitflip": 0.079}, "Chart_1": {"adeq": 2.186, "bitflip": 1.9250000000000003}, "Lang_1": {"adeq": 0.146, "bitflip": 0.113}, "Time_1": {"adeq": 1.861, "bitflip": 1.576}, "JxPath_22": {"adeq": 1.6490000000000002, "bitflip": 1.3970000000000002}, "JacksonCore_26": {"adeq": 1.834, "bitflip": 1.746}, "Cli_40": {"adeq": 9999.0, "bitflip": 0.001}}