{"JacksonCore_26": {"adeq": 2.0170000000000003, "bigflip": 1.3290000000000002}, "Chart_1": {"adeq": 2.0789999999999997, "bigflip": 2.189}, "Lang_1": {"adeq": 0.097, "bigflip": 0.1}, "Csv_16": {"adeq": 0.46, "bigflip": 0.134}, "Time_1": {"adeq": 2.163, "bigflip": 1.8960000000000001}, "Cli_40": {"adeq": 