{"JacksonCore_26": {"adeq": 1.464, "bigflip": 1.8000000000000003}, "Chart_1": {"adeq": 2.0860000000000003, "bigflip": 2.348}, "Lang_1": {"adeq": 0.10700000000000001, "bigflip": 0.10500000000000001}, "Csv_16": {"adeq": 0.13, "bigflip": 0.10500000000000001}, "Time_1": {"adeq": 1.646, "bigflip": 1.558}, "Cli_40": {"adeq": Infinity, "bigflip": 0.0}, "JxPath_22": {"adeq": 2.9510000000000005, "bigflip": 1.0450000000000002}}