{"JacksonCore_26": {"adeq": 1.605, "bigflip": 1.5150000000000001}, "Chart_1": {"adeq": 2.365, "bigflip": 2.195}, "Lang_1": {"adeq": 0.125, "bigflip": 0.10300000000000001}, "Csv_16": {"adeq": 0.42700000000000005, "bigflip": 0.42300000000000004}, "Time_1": {"adeq": 1.6109999999999998, "bigflip": 1.689}, "Cli_40": {"adeq": 