{"Csv_16": {"adeq": 0.05500000000000001, "bitflip": 0.5429999999999999}, "Chart_1": {"adeq": 2.245, "bitflip": 2.173}, "Lang_1": {"adeq": 0.099, "bitflip": 0.095}, "Time_1": {"adeq": 1.576, "bitflip": 1.467}, "JxPath_22": {"adeq": 1.8170000000000002, "bitflip": 1.842}, "JacksonCore_26": {"adeq": 2.128, "bitflip": 2.12}, "Cli_40": {"adeq": 0.0, "bitflip": 0.0}}