{"Csv_16": {"adeq": 0.557, "bitflip": 0.5429999999999999}, "Chart_1": {"adeq": 2.0660000000000003, "bitflip": 2.173}, "Lang_1": {"adeq": 0.11, "bitflip": 0.095}, "Time_1": {"adeq": 1.597, "bitflip": 1.467}, "JxPath_22": {"adeq": 0.968, "bitflip": 1.842}, "JacksonCore_26": {"adeq": 1.564, "bitflip": 2.12}, "Cli_40": {"adeq": 0.0, "bitflip": 0.0}}