{"Csv_16": {"adeq": 0.41500000000000004, "bitflip": 0.36000000000000004}, "Chart_1": {"adeq": 2.242, "bitflip": 2.225}, "Lang_1": {"adeq": 0.131, "bitflip": 0.10300000000000001}, "Time_1": {"adeq": 1.711, "bitflip": 1.618}, "JxPath_22": {"adeq": 1.4500000000000002, "bitflip": 1.3210000000000002}, "JacksonCore_26": {"adeq": 1.7260000000000002, "bitflip": 1.888}, "Cli_40": {"adeq": 0.0, "bitflip": 0.002}}