{"Csv_16": {"adeq": 0.533, "bitflip": 0.188}, "Chart_1": {"adeq": 2.369, "bitflip": 2.777}, "Lang_1": {"adeq": 0.11599999999999999, "bitflip": 0.132}, "Time_1": {"adeq": 2.183, "bitflip": 1.5859999999999999}, "JxPath_22": {"adeq": 1.173, "bitflip": 1.6700000000000002}, "JacksonCore_26": {"adeq": 1.611, "bitflip": 2.4990000000000006}, "Cli_40": {"adeq": 0.0, "bitflip": 0.001}}