{"Csv_16": {"adeq": 0.138, "bitflip": 0.36000000000000004}, "Chart_1": {"adeq": 2.205, "bitflip": 2.225}, "Lang_1": {"adeq": 0.10099999999999999, "bitflip": 0.10300000000000001}, "Time_1": {"adeq": 1.657, "bitflip": 1.618}, "JxPath_22": {"adeq": 1.095, "bitflip": 1.3210000000000002}, "JacksonCore_26": {"adeq": 1.366, "bitflip": 1.888}, "Cli_40": {"adeq": 0.0, "bitflip": 0.002}}