{"Csv_16": {"adeq": 0.48200000000000004, "bitflip": 0.494}, "Chart_1": {"adeq": 2.475, "bitflip": 2.568}, "Lang_1": {"adeq": 0.10400000000000001, "bitflip": 0.11000000000000001}, "Time_1": {"adeq": 1.5900000000000003, "bitflip": 1.4089999999999998}, "JxPath_22": {"adeq": 1.59, "bitflip": 1.0310000000000001}, "JacksonCore_26": {"adeq": 1.7650000000000001, "bitflip": 1.7690000000000001}, "Cli_40": {"adeq": 0.003, "bitflip": 0.0}}