{"Csv_16": {"adeq": 0.136, "bitflip": 0.36000000000000004}, "Chart_1": {"adeq": 2.144, "bitflip": 2.225}, "Lang_1": {"adeq": 0.12200000000000001, "bitflip": 0.10300000000000001}, "Time_1": {"adeq": 1.4130000000000003, "bitflip": 1.618}, "JxPath_22": {"adeq": 1.193, "bitflip": 1.3210000000000002}, "JacksonCore_26": {"adeq": 1.6179999999999999, "bitflip": 1.888}, "Cli_40": {"adeq": 0.001, "bitflip": 0.002}}