{"Csv_16": {"adeq": 0.203, "bitflip": 0.113}, "Chart_1": {"adeq": 2.115, "bitflip": 2.105}, "Lang_1": {"adeq": 0.09000000000000001, "bitflip": 0.11900000000000001}, "Time_1": {"adeq": 1.654, "bitflip": 1.5790000000000002}, "JxPath_22": {"adeq": 1.1150000000000002, "bitflip": 0.9630000000000001}, "JacksonCore_26": {"adeq": 1.635, "bitflip": 1.264}, "Cli_40": {"adeq": 0.001, "bitflip": 0.0}}