{"Csv_16": {"adeq": 0.256, "bitflip": 0.396}, "Chart_1": {"adeq": 2.2680000000000002, "bitflip": 2.365}, "Lang_1": {"adeq": 0.097, "bitflip": 0.339}, "Time_1": {"adeq": 1.495, "bitflip": 1.5530000000000002}, "JxPath_22": {"adeq": 1.655, "bitflip": 2.0850000000000004}, "JacksonCore_26": {"adeq": 1.7320000000000002, "bitflip": 1.977}, "Cli_40": {"adeq": 0.001, "bitflip": 0.0}}