{"JacksonCore_26": {"adeq": 2.149, "bigflip": 1.705}, "Chart_1": {"adeq": 2.2520000000000002, "bigflip": 2.194}, "Lang_1": {"adeq": 0.16000000000000003, "bigflip": 0.093}, "Csv_16": {"adeq": 0.16599999999999998, "bigflip": 0.126}, "Time_1": {"adeq": 1.4860000000000002, "bigflip": 1.5230000000000001}, "Cli_40": {"adeq": 0.001, "bigflip": 0.0}, "JxPath_22": {"adeq": 2.0380000000000003, "bigflip": 1.0650000000000002}}