{"Csv_16": {"adeq": 0.079, "bitflip": 0.079}, "Chart_1": {"adeq": 2.212, "bitflip": 1.9250000000000003}, "Lang_1": {"adeq": 0.16, "bitflip": 0.113}, "Time_1": {"adeq": 1.6580000000000001, "bitflip": 1.576}, "JxPath_22": {"adeq": 2.9330000000000003, "bitflip": 1.3970000000000002}, "JacksonCore_26": {"adeq": 2.0360000000000005, "bitflip": 1.746}, "Cli_40": {"adeq": 0.0, "bitflip": 0.001}}