{"Csv_16": {"adeq": 0.101, "bitflip": 0.446}, "Chart_1": {"adeq": 2.1559999999999997, "bitflip": 2.3609999999999998}, "Lang_1": {"adeq": 0.10099999999999999, "bitflip": 0.1}, "Time_1": {"adeq": 1.5979999999999999, "bitflip": 1.6270000000000002}, "JxPath_22": {"adeq": 0.9780000000000001, "bitflip": 0.9410000000000001}, "JacksonCore_26": {"adeq": 1.7369999999999999, "bitflip": 2.483}, "Cli_40": {"adeq": 0.0, "bitflip": 0.001}}