{"Csv_16": {"adeq": 0.8860000000000001, "bitflip": 0.113}, "Chart_1": {"adeq": 2.5090000000000003, "bitflip": 2.105}, "Lang_1": {"adeq": 0.114, "bitflip": 0.11900000000000001}, "Time_1": {"adeq": 1.5550000000000002, "bitflip": 1.5790000000000002}, "JxPath_22": {"adeq": 1.1110000000000002, "bitflip": 0.9630000000000001}, "JacksonCore_26": {"adeq": 2.6950000000000003, "bitflip": 1.264}, "Cli_40": {"adeq": 0.0, "bitflip": 0.0}}