{"Csv_16": {"adeq": 0.2, "bitflip": 0.5429999999999999}, "Chart_1": {"adeq": 2.365, "bitflip": 2.173}, "Lang_1": {"adeq": 0.161, "bitflip": 0.095}, "Time_1": {"adeq": 1.4740000000000002, "bitflip": 1.467}, "JxPath_22": {"adeq": 2.248, "bitflip": 1.842}, "JacksonCore_26": {"adeq": 1.8000000000000003, "bitflip": 2.12}, "Cli_40": {"adeq": 0.001, "bitflip": 0.0}}