{"Csv_16": {"adeq": 0.5890000000000001, "bitflip": 0.494}, "Chart_1": {"adeq": 2.1260000000000003, "bitflip": 2.568}, "Lang_1": {"adeq": 0.24, "bitflip": 0.11000000000000001}, "Time_1": {"adeq": 2.37, "bitflip": 1.4089999999999998}, "JxPath_22": {"adeq": 1.5310000000000001, "bitflip": 1.0310000000000001}, "JacksonCore_26": {"adeq": 1.9889999999999999, "bitflip": 1.7690000000000001}, "Cli_40": {"adeq": 0.0, "bitflip": 0.0}}