{"Csv_16": {"adeq": 0.077, "bitflip": 0.079}, "Chart_1": {"adeq": 2.423, "bitflip": 1.9250000000000003}, "Lang_1": {"adeq": 0.113, "bitflip": 0.113}, "Time_1": {"adeq": 1.46, "bitflip": 1.576}, "JxPath_22": {"adeq": 1.174, "bitflip": 1.3970000000000002}, "JacksonCore_26": {"adeq": 1.948, "bitflip": 1.746}, "Cli_40": {"adeq": 0.0, "bitflip": 0.001}}