{"JacksonCore_26": {"adeq": 1.8450000000000002, "bigflip": 1.923}, "Chart_1": {"adeq": 2.247, "bigflip": 2.311}, "Lang_1": {"adeq": 0.089, "bigflip": 0.093}, "Csv_16": {"adeq": 0.506, "bigflip": 0.35300000000000004}, "Time_1": {"adeq": 1.6020000000000003, "bigflip": 1.613}, "Cli_40": {"adeq": 0.0, "bigflip": 0.0}, "JxPath_22": {"adeq": 0.9, "bigflip": 2.099}}