{"JacksonCore_26": {"adeq": 2.889, "bigflip": 1.915}, "Chart_1": {"adeq": 2.279, "bigflip": 2.263}, "Lang_1": {"adeq": 0.098, "bigflip": 0.1}, "Csv_16": {"adeq": 0.193, "bigflip": 0.51}, "Time_1": {"adeq": 1.8360000000000003, "bigflip": 1.8450000000000002}, "Cli_40": {"adeq": 0.0, "bigflip": 0.001}, "JxPath_22": {"adeq": 1.471, "bigflip": 1.669}}