{"JacksonCore_26": {"adeq": 1.2810000000000001, "bigflip": 1.3290000000000002}, "Chart_1": {"adeq": 2.128, "bigflip": 2.189}, "Lang_1": {"adeq": 0.11200000000000002, "bigflip": 0.1}, "Csv_16": {"adeq": 0.546, "bigflip": 0.134}, "Time_1": {"adeq": 2.176, "bigflip": 1.8960000000000001}, "Cli_40": {"adeq": 0.0, "bigflip": 0.001}, "JxPath_22": {"adeq": 1.1670000000000003, "bigflip": 2.2030000000000003}}