{"Csv_16": {"adeq": 0.184, "bitflip": 0.188}, "Chart_1": {"adeq": 2.3270000000000004, "bitflip": 2.777}, "Lang_1": {"adeq": 0.11800000000000001, "bitflip": 0.132}, "Time_1": {"adeq": 1.806, "bitflip": 1.5859999999999999}, "JxPath_22": {"adeq": 1.101, "bitflip": 1.6700000000000002}, "JacksonCore_26": {"adeq": 2.17, "bitflip": 2.4990000000000006}, "Cli_40": {"adeq": 0.0, "bitflip": 0.001}}