{"Csv_16": {"adeq": 0.21300000000000002, "bitflip": 0.446}, "Chart_1": {"adeq": 2.443, "bitflip": 2.3609999999999998}, "Lang_1": {"adeq": 1.094, "bitflip": 0.1}, "Time_1": {"adeq": 1.7120000000000002, "bitflip": 1.6270000000000002}, "JxPath_22": {"adeq": 1.081, "bitflip": 0.9410000000000001}, "JacksonCore_26": {"adeq": 1.8679999999999999, "bitflip": 2.483}, "Cli_40": {"adeq": 0.001, "bitflip": 0.001}}