{"Csv_16": {"adeq": 0.479, "bitflip": 0.05500000000000001}, "Chart_1": {"adeq": 2.0460000000000003, "bitflip": 2.0709999999999997}, "Lang_1": {"adeq": 0.125, "bitflip": 0.11699999999999999}, "Time_1": {"adeq": 1.4540000000000002, "bitflip": 1.5510000000000002}, "JxPath_22": {"adeq": 1.7890000000000001, "bitflip": 1.2150000000000003}, "JacksonCore_26": {"adeq": 1.4780000000000002, "bitflip": 1.8890000000000002}, "Cli_40": {"adeq": 0.0, "bitflip": 0.0}}