{"JacksonCore_26": {"adeq": 1.734, "bigflip": 1.9519999999999997}, "Chart_1": {"adeq": 2.0389999999999997, "bigflip": 2.0520000000000005}, "Lang_1": {"adeq": 0.11699999999999999, "bigflip": 0.095}, "Csv_16": {"adeq": 0.127, "bigflip": 0.061000000000000006}, "Time_1": {"adeq": 1.513, "bigflip": 2.8810000000000002}, "Cli_40": {"adeq": 0.001, "bigflip": 0.0}, "JxPath_22": {"adeq": 1.0940000000000003, "bigflip": 1.381}}