{"Csv_16": {"adeq": 0.063, "bitflip": 0.5429999999999999}, "Chart_1": {"adeq": 2.0520000000000005, "bitflip": 2.173}, "Lang_1": {"adeq": 0.08700000000000001, "bitflip": 0.095}, "Time_1": {"adeq": 1.697, "bitflip": 1.467}, "JxPath_22": {"adeq": 1.207, "bitflip": 1.842}, "JacksonCore_26": {"adeq": 1.9100000000000001, "bitflip": 2.12}, "Cli_40": {"adeq": 0.0, "bitflip": 0.0}}