{"Csv_16": {"adeq": 0.456, "bitflip": 0.446}, "Chart_1": {"adeq": 2.1860000000000004, "bitflip": 2.3609999999999998}, "Lang_1": {"adeq": 0.08400000000000002, "bitflip": 0.1}, "Time_1": {"adeq": 1.661, "bitflip": 1.6270000000000002}, "JxPath_22": {"adeq": 1.1710000000000003, "bitflip": 0.9410000000000001}, "JacksonCore_26": {"adeq": 2.061, "bitflip": 2.483}, "Cli_40": {"adeq": 0.001, "bitflip": 0.001}}