{"Csv_16": {"adeq": 0.442, "bitflip": 0.396}, "Chart_1": {"adeq": 2.294, "bitflip": 2.365}, "Lang_1": {"adeq": 0.42400000000000004, "bitflip": 0.339}, "Time_1": {"adeq": 1.529, "bitflip": 1.5530000000000002}, "JxPath_22": {"adeq": 1.076, "bitflip": 2.0850000000000004}, "JacksonCore_26": {"adeq": 2.3209999999999997, "bitflip": 1.977}, "Cli_40": {"adeq": 0.0, "bitflip": 0.0}}