{"JacksonCore_26": {"adeq": 1.8730000000000002, "bigflip": 1.964}, "Chart_1": {"adeq": 2.184, "bigflip": 2.2140000000000004}, "Lang_1": {"adeq": 0.092, "bigflip": 0.118}, "Csv_16": {"adeq": 0.069, "bigflip": 0.42500000000000004}, "Time_1": {"adeq": 2.5060000000000002, "bigflip": 1.4969999999999999}, "Cli_40": {"adeq": 0.0, "bigflip": 0.001}, "JxPath_22": {"adeq": 1.8550000000000002, "bigflip": 1.0690000000000002}}