{"JacksonCore_26": {"adeq": 1.9059999999999997, "bigflip": 1.8890000000000002}, "Chart_1": {"adeq": 2.316, "bigflip": 2.0709999999999997}, "Lang_1": {"adeq": 0.09400000000000001, "bigflip": 0.11699999999999999}, "Csv_16": {"adeq": 0.21, "bigflip": 0.05500000000000001}, "Time_1": {"adeq": 1.624, "bigflip": 1.5510000000000002}, "Cli_40": {"adeq": 0.0, "bigflip": 0.0}, "JxPath_22": {"adeq": 1.113, "bigflip": 1.2150000000000003}}