{"Csv_16": {"adeq": 0.21, "bitflip": 0.05500000000000001}, "Chart_1": {"adeq": 2.316, "bitflip": 2.0709999999999997}, "Lang_1": {"adeq": 0.09400000000000001, "bitflip": 0.11699999999999999}, "Time_1": {"adeq": 1.624, "bitflip": 1.5510000000000002}, "JxPath_22": {"adeq": 1.113, "bitflip": 1.2150000000000003}, "JacksonCore_26": {"adeq": 1.9059999999999997, "bitflip": 1.8890000000000002}, "Cli_40": {"adeq": 0.0, "bitflip": 0.0}}