{"JacksonCore_26": {"adeq": 1.6150000000000002, "bigflip": 1.752}, "Chart_1": {"adeq": 1.9040000000000004, "bigflip": 3.419}, "Lang_1": {"adeq": 0.113, "bigflip": 0.10400000000000001}, "Csv_16": {"adeq": 0.173, "bigflip": 0.107}, "Time_1": {"adeq": 1.6139999999999999, "bigflip": 2.0040000000000004}, "Cli_40": {"adeq": 0.0, "bigflip": 0.0}, "JxPath_22": {"adeq": 1.716, "bigflip": 0.7370000000000001}}