{"JacksonCore_26": {"adeq": 2.2540000000000004, "bigflip": 1.8890000000000002}, "Chart_1": {"adeq": 2.247, "bigflip": 2.0709999999999997}, "Lang_1": {"adeq": 0.183, "bigflip": 0.11699999999999999}, "Csv_16": {"adeq": 0.145, "bigflip": 0.05500000000000001}, "Time_1": {"adeq": 1.653, "bigflip": 1.5510000000000002}, "Cli_40": {"adeq": 