{"JacksonCore_26": {"adeq": 2.6870000000000003, "bigflip": 3.375}, "Chart_1": {"adeq": 2.218, "bigflip": 2.3280000000000003}, "Lang_1": {"adeq": 0.13699999999999998, "bigflip": 0.094}, "Csv_16": {"adeq": 0.10700000000000001, "bigflip": 0.191}, "Time_1": {"adeq": 1.51, "bigflip": 2.326}, "Cli_40": {"adeq": Infinity, "bigflip": 0.002}, "JxPath_22": {"adeq": 2.9760000000000004, "bigflip": 1.233}}