{"Csv_16": {"adeq": 0.37200000000000005, "bitflip": 0.113}, "Chart_1": {"adeq": 2.145, "bitflip": 2.105}, "Lang_1": {"adeq": 0.12099999999999998, "bitflip": 0.11900000000000001}, "Time_1": {"adeq": 1.6090000000000002, "bitflip": 1.5790000000000002}, "JxPath_22": {"adeq": 1.7360000000000002, "bitflip": 0.9630000000000001}, "JacksonCore_26": {"adeq": 1.088, "bitflip": 1.264}, "Cli_40": {"adeq": 0.0, "bitflip": 0.0}}