{"Csv_16": {"adeq": 0.15700000000000003, "bitflip": 0.188}, "Chart_1": {"adeq": 2.3350000000000004, "bitflip": 2.777}, "Lang_1": {"adeq": 0.097, "bitflip": 0.132}, "Time_1": {"adeq": 1.6280000000000001, "bitflip": 1.5859999999999999}, "JxPath_22": {"adeq": 2.193, "bitflip": 1.6700000000000002}, "JacksonCore_26": {"adeq": 1.646, "bitflip": 2.4990000000000006}, "Cli_40": {"adeq": 0.001, "bitflip": 0.001}}